,eff_tsw_csw-tst_csw,eff_tst_csw-tst_cst,eff_all_task,vif_tsw_csw-tst_csw,vif_tst_csw-tst_cst,vif_all_task,scan_length,kao_measure,prob_runs_gte_2,run_num_diff_from_avg,prob_next_given_last1,prob_next_given_last2,pred_second_half_from_first
97618,4.430649553315693,3.376868723144056,2.951886739854508,1.0708071302574569,1.111200373572934,6.393033182772496,568.6814740756432,40.75,0.3089430894308943,16.7894,0.5319148936170213,0.5714285714285714,0.0
98515,4.859591419631069,3.4359175341205868,3.0039782975584446,1.1107124287124237,1.1385718345079674,6.460689043666356,571.9573949486816,46.625,0.3109243697478992,22.1086,0.5157894736842106,0.5833333333333334,0.0
22780,4.521492015084333,3.3432742767845345,3.119589349590994,1.1299685593885809,1.1273555614444823,6.037377595222208,571.7010169075743,50.5,0.3305084745762711,15.6064,0.5319148936170213,0.5510204081632653,0.0
40985,4.707125520497457,3.5533584234800006,3.142107862416613,1.0982635972137458,1.1142226690792445,6.139255016111717,576.5062468411471,53.875,0.3305785123966941,20.4256,0.5208333333333334,0.6153846153846154,0.0
36764,4.7496985780550265,3.453030168585692,3.0368647984551105,1.0775909633647962,1.079921871613447,6.085356460690068,573.0589493809763,54.0,0.3064516129032257,18.9644,0.5416666666666666,0.5714285714285714,0.0
