,eff_congruent,eff_incongruent,eff_incongruent-congruent,eff_task,vif_congruent,vif_incongruent,vif_incongruent-congruent,vif_task,scan_length,kao_measure,prob_runs_gte_2,run_num_diff_from_avg,prob_next_given_last1,prob_next_given_last2,sum_abs_diff_prob_next_given_last1,sum_abs_diff_prob_next_given_last2
95424,2.405133632090578,2.269840156741252,3.3076884155786543,2.8361794334927697,2.1338834874236383,2.2828081312126187,1.0353021702328655,2.4301313546849097,357.75266257425426,14.5,0.5166666666666666,10.9346,0.5084745762711864,0.5517241379310345,0.0284397948260543,0.1961570934046734
1166,2.365111874629919,2.3419468005347257,3.50938732759866,2.827521937567484,2.262537597575198,2.2712498085599475,1.0374890711960918,2.36509225862819,356.9707971941826,14.0,0.5344827586206897,10.225800000000005,0.5166666666666667,0.5517241379310345,0.1026109069283357,0.2399769204701347
48151,2.3524256231720746,2.294394632209801,3.3469328114384638,2.8107753221888965,2.293008489667329,2.2577129218429426,1.0630112313952018,2.428909429878542,353.99625404128693,8.5,0.4833333333333333,9.991599999999998,0.5084745762711864,0.5172413793103449,0.0298166369313148,0.2730243653377088
9816,2.5739991138037484,2.430009021187663,3.340041358672127,3.07539539482619,2.041724062854692,2.1495224581332573,1.0426662826187436,2.2730136564719072,357.5737581512404,8.0,0.4838709677419355,10.959,0.5166666666666667,0.5517241379310345,0.0166147071067526,0.3363448556353346
63486,2.4613229548184195,2.4664104950891765,3.49123359595135,2.991695521879606,2.1965305851122108,2.1103863042450133,1.029688244520608,2.2715955259783582,358.07923733025297,20.5,0.5333333333333333,11.0352,0.5084745762711864,0.5666666666666667,0.0312782158786916,0.2630617571317579
