,eff_recall vs baseline,eff_emc vs baseline,vif_recall vs baseline,vif_emc vs baseline,scan_length
16810,24.284064435409928,56.439310010114,1.8230265270888704,1.9602135096768336,680.8314885395054
4273,24.26949428688648,56.77449636680989,1.842178625692525,1.9830696892694095,681.5361512783207
82236,24.06681996473335,56.11109139733106,1.837901934602495,1.976403872992682,680.9708705676277
7070,24.39081537570908,56.51766040729291,1.816725279614533,1.9527998631198895,680.975865990245
12543,24.175213034247054,56.08484784655408,1.8467203099290008,1.988913887282096,681.0410930127816
