,eff_cue_a-cue_b,eff_stim_ay-stim_by,eff_stim_bx-stim_by,eff_all_cue,eff_all_stim,eff_all_cue_stim,vif_cue_a-cue_b,vif_stim_ay-stim_by,vif_stim_bx-stim_by,vif_all_cue,vif_all_stim,vif_all_cue_stim,scan_length,kao_measure,prob_runs_gte_2,run_num_diff_from_avg,prob_next_given_last1,prob_next_given_last2,pred_second_half_from_first
89765,0.7906869027707635,1.5917737920785202,1.5733605700710491,0.4737755067675024,1.7460672705113365,2.926659858183571,1.3125239107426596,1.156326965155637,1.1002205603567554,1.9472409839422096,2.385324393291016,2.90545202922838,958.503511489062,72.55999999999999,0.1982758620689654,20.3266,0.4333333333333333,0.6666666666666666,0.0
6510,0.7990003303496095,1.483150746735067,1.581564898006308,0.4647023363097337,1.7494261720481006,2.714067087394111,1.337883924749065,1.1692455569151337,1.1362073484118198,1.9305864378537008,2.36924756883015,3.007730465783541,958.7642188141294,74.55999999999999,0.2232142857142857,19.281,0.4482758620689655,0.7142857142857143,0.0
22576,0.8342769889252019,1.5134242863519003,1.6888297899713762,0.460516482097631,1.7823077084508503,2.6810535271795137,1.29910739387679,1.2270217466269462,1.1076737542676507,1.923634984672704,2.333064253562157,3.027697156190037,959.0584564571154,79.91999999999999,0.2363636363636364,15.669799999999997,0.4666666666666667,0.6,0.0
31828,0.8434832400642809,1.5844774450944792,1.5947865284891922,0.4528638377133732,1.707697552980667,2.623748758437348,1.3043686787788815,1.143225740060581,1.0890636855226925,1.9307347247592832,2.375618096506437,3.074398818486727,957.7657950500223,66.71999999999998,0.2123893805309734,15.673399999999996,0.4333333333333333,0.6666666666666666,0.0
80918,0.8043143842272434,1.549555061086234,1.6247907390861982,0.4641759607283031,1.842832710092954,2.9407986223432303,1.3454731880022417,1.1507549215876656,1.1316191513278882,1.9151305401354253,2.319777233396398,2.892371596557931,958.0632997521008,65.99999999999999,0.2072072072072072,19.346200000000003,0.4333333333333333,0.6,0.0
